<?xml version="1.0" encoding="utf-8"?>
<feed xmlns="http://www.w3.org/2005/Atom" xmlns:activity="http://activitystrea.ms/spec/1.0/" xmlns:fb="http://www.facebook.com" xmlns:access="http://www.bloglines.com/about/specs/fac-1.0" xmlns:og="http://ogp.me/ns#">
    <access:restriction relationship="deny" />
    <id>http://www.facebook.com/activitystreams/global.php</id>
    <generator uri="http://www.facebook.com/">Facebook Syndication</generator>
    <title>Global Activity Stream</title>
    <link href="http://www.facebook.com/activitystreams/global.php" />
    <link rel="self" href="http://facebook.com/" />
    <updated>2013-09-06T12:42:50-07:00</updated>
    <icon>http://www.facebook.com/favicon.ico</icon>
    <logo>http://profile.ak.fbcdn.net/static-ak/rsrc.php/v2/yL/r/HsTZSDw4avx.gif</logo>

    <entry>
        <title>"><![CDATA[R Thisis a public user post.]]></title>
        <id>http://www.facebook.com/permalink.php?id=1111&amp;story_fbid=1111</id>
        <fb:id>1111</fb:id>
        <link rel="alternate"type="text/html" href="http://www.facebook.com/permalink.php?id=1111&amp;story_fbid=1111"/>
        <published>2013-04-13T00:02:35-07:00</published>
        <updated>2013-04-13T00:02:35-07:00</updated>
        <author>
            <name>SampleUser</name>
            <fb:id>1111</fb:id>
            <uri>http://www.facebook.com/profile.php?id=1111</uri> <permanent_uri>http://www.facebook.com/profile.php?id=1111</permanent_uri>
            <display_uri>http://www.facebook.com/sample.user</display_uri>
            <icon>http://profile.ak.fbcdn.net/hprofile-ak-ash4/1111_q.jpg</icon>
            <is_page>0</is_page>
            <is_verified>0</is_verified>
            <fb:friend_count>142</fb:friend_count>
        </author>
        <category term="Status Update"label="Status Update" />
        <activity:verb>http://activitystrea.ms/schema/1.0/post/</activity:verb>
        <activity:object>
            <content>This is a public user post. </content>
            <published>2013-04-13T00:02:35-07:00</published>
            <activity:object-type>http://activitystrea.ms/schema/1.0/status/</activity:object-type>
        </activity:object>
        <contenttype="html"><![CDATA[R This is a public user post.]]></content>
    </entry>
</feed>